<?xml version="1.0" encoding="UTF-8"?>
    <addon id="repository.akodi" name="Akodi Wizard repository" version="1.0.0" provider-name="Akodi">
        <requires>
            <import addon="xbmc.addon" version="1.0"/>
        </requires>
        <extension point="xbmc.addon.repository" name="Akodi Wizard repository">
            <info compressed="false">http://www.akodi.xyz/_repo/addons.xml</info>
            <checksum>https://www.akodi.xyz/_repo/addons.xml.md5</checksum>
            <datadir zip="true">https://www.akodi.xyz/_repo/</datadir>
            <hashes>false</hashes>
        </extension>
        <extension point="xbmc.addon.metadata">
            <summary>Repositorio para Akodi Wizard.</summary>
            <description>La mejor forma de hacer KODI.</description>
            <platform>all</platform>
    </extension>
</addon>